{
    "category": "General",
    "changelog": "**Full Changelog**: https://github.com/InfiniteAvenger/jellio/compare/v0.3.7...v0.3.8",
    "description": "This plugin provides integration between Jellyfin and the Jellio service.\nCommunity-maintained fork with Jellyfin 10.11.x support.\n",
    "guid": "e874be83-fe36-4568-abac-f5ce0574b409",
    "name": "Jellio",
    "overview": "Integrates Jellio features with Jellyfin.",
    "owner": "InfiniteAvenger",
    "targetAbi": "10.11.0.0",
    "timestamp": "2025-11-06T04:38:29Z",
    "version": "0.3.8.0"
}